country_iso2,name,code,city,region,latitude,longitude,port_type,status,traffic_level,annual_capacity,teu_capacity,trade_volume,importance_score,weather_risk,political_risk,logistic_risk,risk_score,risk_level,main_industries,shipping_routes,ai_recommendation,description	
SG,Port of Singapore,SGSIN,Singapore,Asia,1.264,103.84,Container Port,Operational,High,10100000,5050000,15080000,80,10,5,12,9,Low,Containers	General Cargo,Global Hub,Maintain normal operations and monitor weather conditions.,Generated monitoring dataset
CN,Port of Shanghai,CNSHA,Shanghai,Asia,31.23,121.491,Container Port,Operational,High,10100000,5050000,15080000,80,17,10,15,14,Low,Containers	General Cargo,Global Hub,Maintain normal operations and monitor weather conditions.,Generated monitoring dataset
CN,Port of Ningbo-Zhoushan,CNNGB,Ningbo,Asia,29.868,121.544,Container Port,Operational,High,10100000,5050000,15080000,80,24,15,18,19,Low,Containers	General Cargo,Global Hub,Maintain normal operations and monitor weather conditions.,Generated monitoring dataset
NL,Port of Rotterdam,NLRTM,Rotterdam,Europe,51.948,4.142,Container Port,Operational,High,10100000,5050000,15080000,80,31,20,21,24,Low,Containers	General Cargo,Global Hub,Maintain normal operations and monitor weather conditions.,Generated monitoring dataset
BE,Port of Antwerp,BEANR,Antwerp,Europe,51.263,4.4,Container Port,Operational,High,10100000,5050000,15080000,80,38,25,24,29,Low,Containers	General Cargo,Global Hub,Maintain normal operations and monitor weather conditions.,Generated monitoring dataset
DE,Port of Hamburg,DEHAM,Hamburg,Europe,53.546,9.966,Container Port,Operational,High,10100000,5050000,15080000,80,45,30,27,34,Low,Containers	General Cargo,Global Hub,Maintain normal operations and monitor weather conditions.,Generated monitoring dataset
US,Port of Los Angeles,USLAX,Los Angeles,North America,33.736,-118.263,Container Port,Operational,High,10100000,5050000,15080000,80,52,35,30,39,Medium,Containers	General Cargo,Global Hub,Maintain normal operations and monitor weather conditions.,Generated monitoring dataset
US,Port of Long Beach,USLGB,Long Beach,North America,33.754,-118.216,Container Port,Operational,High,10100000,5050000,15080000,80,59,40,33,44,Medium,Containers	General Cargo,Global Hub,Maintain normal operations and monitor weather conditions.,Generated monitoring dataset
AE,Jebel Ali Port,AEJEA,Dubai,Middle East,25.011,55.062,Container Port,Operational,High,10100000,5050000,15080000,80,66,45,36,49,Medium,Containers	General Cargo,Global Hub,Maintain normal operations and monitor weather conditions.,Generated monitoring dataset
KR,Port of Busan,KRPUS,Busan,Asia,35.102,129.04,Container Port,Operational,High,10100000,5050000,15080000,80,73,50,39,54,Medium,Containers	General Cargo,Global Hub,Maintain normal operations and monitor weather conditions.,Generated monitoring dataset
JP,Port of Yokohama,JPYOK,Yokohama,Asia,35.443,139.638,Container Port,Operational,High,10100000,5050000,15080000,80,80,55,42,59,Medium,Containers	General Cargo,Global Hub,Maintain normal operations and monitor weather conditions.,Generated monitoring dataset
MY,Port Klang,MYPKG,Klang,Asia,3.001,101.399,Container Port,Operational,High,10100000,5050000,15080000,80,16,60,45,40,Medium,Containers	General Cargo,Global Hub,Maintain normal operations and monitor weather conditions.,Generated monitoring dataset
MY,Port of Tanjung Pelepas,MYTPP,Johor,Asia,1.363,103.548,Container Port,Operational,High,10100000,5050000,15080000,80,23,65,48,45,Medium,Containers	General Cargo,Global Hub,Maintain normal operations and monitor weather conditions.,Generated monitoring dataset
ID,Port of Tanjung Priok,IDTPP,Jakarta,Asia,-6.104,106.886,Container Port,Operational,High,10100000,5050000,15080000,80,30,70,51,50,Medium,Containers	General Cargo,Global Hub,Maintain normal operations and monitor weather conditions.,Generated monitoring dataset
ID,Port of Belawan,IDBLW,Medan,Asia,3.784,98.694,Container Port,Operational,High,10100000,5050000,15080000,80,37,9,54,33,Low,Containers	General Cargo,Global Hub,Maintain normal operations and monitor weather conditions.,Generated monitoring dataset
ID,Port of Tanjung Perak,IDSUB,Surabaya,Asia,-7.205,112.732,Container Port,Operational,High,10100000,5050000,15080000,80,44,14,57,38,Medium,Containers	General Cargo,Global Hub,Maintain normal operations and monitor weather conditions.,Generated monitoring dataset
IN,Jawaharlal Nehru Port,INNSA,Mumbai,Asia,18.949,72.949,Container Port,Operational,High,10100000,5050000,15080000,80,51,19,60,43,Medium,Containers	General Cargo,Global Hub,Maintain normal operations and monitor weather conditions.,Generated monitoring dataset
VN,Port of Hai Phong,VNHPH,Hai Phong,Asia,20.864,106.683,Container Port,Operational,High,10100000,5050000,15080000,80,58,24,63,48,Medium,Containers	General Cargo,Global Hub,Maintain normal operations and monitor weather conditions.,Generated monitoring dataset
TH,Laem Chabang Port,THLCH,Chonburi,Asia,13.082,100.883,Container Port,Operational,High,10100000,5050000,15080000,80,65,29,66,53,Medium,Containers	General Cargo,Global Hub,Maintain normal operations and monitor weather conditions.,Generated monitoring dataset
BR,Port of Santos,BRSSZ,Santos,South America,-23.961,-46.328,Container Port,Operational,High,10100000,5050000,15080000,80,72,34,69,58,Medium,Containers	General Cargo,Global Hub,Maintain normal operations and monitor weather conditions.,Generated monitoring dataset
ZA,Port of Durban,ZADUR,Durban,Africa,-29.871,31.026,Container Port,Operational,High,10100000,5050000,15080000,80,79,39,72,63,High,Containers	General Cargo,Global Hub,Maintain normal operations and monitor weather conditions.,Generated monitoring dataset
EG,Port Said,EGPSD,Port Said,Africa,31.265,32.301,Container Port,Operational,High,10100000,5050000,15080000,80,15,44,75,45,Medium,Containers	General Cargo,Global Hub,Maintain normal operations and monitor weather conditions.,Generated monitoring dataset
ES,Port of Valencia,ESVLC,Valencia,Europe,39.449,-0.316,Container Port,Operational,High,10100000,5050000,15080000,80,22,49,14,28,Low,Containers	General Cargo,Global Hub,Maintain normal operations and monitor weather conditions.,Generated monitoring dataset
IT,Port of Genoa,ITGOA,Genoa,Europe,44.404,8.923,Container Port,Operational,High,10100000,5050000,15080000,80,29,54,17,33,Low,Containers	General Cargo,Global Hub,Maintain normal operations and monitor weather conditions.,Generated monitoring dataset
FR,Port of Marseille,FRMRS,Marseille,Europe,43.296,5.369,Container Port,Operational,High,10100000,5050000,15080000,80,36,59,20,38,Medium,Containers	General Cargo,Global Hub,Maintain normal operations and monitor weather conditions.,Generated monitoring dataset
GB,Port of Felixstowe,GBFXT,Felixstowe,Europe,51.954,1.351,Container Port,Operational,High,10100000,5050000,15080000,80,43,64,23,43,Medium,Containers	General Cargo,Global Hub,Maintain normal operations and monitor weather conditions.,Generated monitoring dataset
CA,Port of Vancouver,CAVAN,Vancouver,North America,49.296,-123.104,Container Port,Operational,High,10100000,5050000,15080000,80,50,69,26,48,Medium,Containers	General Cargo,Global Hub,Maintain normal operations and monitor weather conditions.,Generated monitoring dataset
MX,Port of Manzanillo,MXZLO,Manzanillo,North America,19.052,-104.315,Container Port,Operational,High,10100000,5050000,15080000,80,57,8,29,31,Low,Containers	General Cargo,Global Hub,Maintain normal operations and monitor weather conditions.,Generated monitoring dataset
AU,Port of Melbourne,AUMEL,Melbourne,Oceania,-37.814,144.963,Container Port,Operational,High,10100000,5050000,15080000,80,64,13,32,36,Medium,Containers	General Cargo,Global Hub,Maintain normal operations and monitor weather conditions.,Generated monitoring dataset
NZ,Port of Auckland,NZAKL,Auckland,Oceania,-36.841,174.765,Container Port,Operational,High,10100000,5050000,15080000,80,71,18,35,41,Medium,Containers	General Cargo,Global Hub,Maintain normal operations and monitor weather conditions.,Generated monitoring dataset
SG,Port of Singapore Terminal 2,SGSIN2,Singapore,Asia,1.264,103.84,Container Port,Operational,High,10200000,5100000,15160000,80,78,23,38,46,Medium,Containers	General Cargo,Global Hub,Maintain normal operations and monitor weather conditions.,Generated monitoring dataset
CN,Port of Shanghai Terminal 2,CNSHA2,Shanghai,Asia,31.23,121.491,Container Port,Operational,High,10200000,5100000,15160000,80,14,28,41,28,Low,Containers	General Cargo,Global Hub,Maintain normal operations and monitor weather conditions.,Generated monitoring dataset
CN,Port of Ningbo-Zhoushan Terminal 2,CNNGB2,Ningbo,Asia,29.868,121.544,Container Port,Operational,High,10200000,5100000,15160000,80,21,33,44,33,Low,Containers	General Cargo,Global Hub,Maintain normal operations and monitor weather conditions.,Generated monitoring dataset
NL,Port of Rotterdam Terminal 2,NLRTM2,Rotterdam,Europe,51.948,4.142,Container Port,Operational,High,10200000,5100000,15160000,80,28,38,47,38,Medium,Containers	General Cargo,Global Hub,Maintain normal operations and monitor weather conditions.,Generated monitoring dataset
BE,Port of Antwerp Terminal 2,BEANR2,Antwerp,Europe,51.263,4.4,Container Port,Operational,High,10200000,5100000,15160000,80,35,43,50,43,Medium,Containers	General Cargo,Global Hub,Maintain normal operations and monitor weather conditions.,Generated monitoring dataset
DE,Port of Hamburg Terminal 2,DEHAM2,Hamburg,Europe,53.546,9.966,Container Port,Operational,High,10200000,5100000,15160000,80,42,48,53,48,Medium,Containers	General Cargo,Global Hub,Maintain normal operations and monitor weather conditions.,Generated monitoring dataset
US,Port of Los Angeles Terminal 2,USLAX2,Los Angeles,North America,33.736,-118.263,Container Port,Operational,High,10200000,5100000,15160000,80,49,53,56,53,Medium,Containers	General Cargo,Global Hub,Maintain normal operations and monitor weather conditions.,Generated monitoring dataset
US,Port of Long Beach Terminal 2,USLGB2,Long Beach,North America,33.754,-118.216,Container Port,Operational,High,10200000,5100000,15160000,80,56,58,59,58,Medium,Containers	General Cargo,Global Hub,Maintain normal operations and monitor weather conditions.,Generated monitoring dataset
AE,Jebel Ali Port Terminal 2,AEJEA2,Dubai,Middle East,25.011,55.062,Container Port,Operational,High,10200000,5100000,15160000,80,63,63,62,63,High,Containers	General Cargo,Global Hub,Maintain normal operations and monitor weather conditions.,Generated monitoring dataset
KR,Port of Busan Terminal 2,KRPUS2,Busan,Asia,35.102,129.04,Container Port,Operational,High,10200000,5100000,15160000,80,70,68,65,68,High,Containers	General Cargo,Global Hub,Maintain normal operations and monitor weather conditions.,Generated monitoring dataset
JP,Port of Yokohama Terminal 2,JPYOK2,Yokohama,Asia,35.443,139.638,Container Port,Operational,High,10200000,5100000,15160000,80,77,7,68,51,Medium,Containers	General Cargo,Global Hub,Maintain normal operations and monitor weather conditions.,Generated monitoring dataset
MY,Port Klang Terminal 2,MYPKG2,Klang,Asia,3.001,101.399,Container Port,Operational,High,10200000,5100000,15160000,80,13,12,71,32,Low,Containers	General Cargo,Global Hub,Maintain normal operations and monitor weather conditions.,Generated monitoring dataset
MY,Port of Tanjung Pelepas Terminal 2,MYTPP2,Johor,Asia,1.363,103.548,Container Port,Operational,High,10200000,5100000,15160000,80,20,17,74,37,Medium,Containers	General Cargo,Global Hub,Maintain normal operations and monitor weather conditions.,Generated monitoring dataset
ID,Port of Tanjung Priok Terminal 2,IDTPP2,Jakarta,Asia,-6.104,106.886,Container Port,Operational,High,10200000,5100000,15160000,80,27,22,13,21,Low,Containers	General Cargo,Global Hub,Maintain normal operations and monitor weather conditions.,Generated monitoring dataset
ID,Port of Belawan Terminal 2,IDBLW2,Medan,Asia,3.784,98.694,Container Port,Operational,High,10200000,5100000,15160000,80,34,27,16,26,Low,Containers	General Cargo,Global Hub,Maintain normal operations and monitor weather conditions.,Generated monitoring dataset
ID,Port of Tanjung Perak Terminal 2,IDSUB2,Surabaya,Asia,-7.205,112.732,Container Port,Operational,High,10200000,5100000,15160000,80,41,32,19,31,Low,Containers	General Cargo,Global Hub,Maintain normal operations and monitor weather conditions.,Generated monitoring dataset
IN,Jawaharlal Nehru Port Terminal 2,INNSA2,Mumbai,Asia,18.949,72.949,Container Port,Operational,High,10200000,5100000,15160000,80,48,37,22,36,Medium,Containers	General Cargo,Global Hub,Maintain normal operations and monitor weather conditions.,Generated monitoring dataset
VN,Port of Hai Phong Terminal 2,VNHPH2,Hai Phong,Asia,20.864,106.683,Container Port,Operational,High,10200000,5100000,15160000,80,55,42,25,41,Medium,Containers	General Cargo,Global Hub,Maintain normal operations and monitor weather conditions.,Generated monitoring dataset
TH,Laem Chabang Port Terminal 2,THLCH2,Chonburi,Asia,13.082,100.883,Container Port,Operational,High,10200000,5100000,15160000,80,62,47,28,46,Medium,Containers	General Cargo,Global Hub,Maintain normal operations and monitor weather conditions.,Generated monitoring dataset
BR,Port of Santos Terminal 2,BRSSZ2,Santos,South America,-23.961,-46.328,Container Port,Operational,High,10200000,5100000,15160000,80,69,52,31,51,Medium,Containers	General Cargo,Global Hub,Maintain normal operations and monitor weather conditions.,Generated monitoring dataset
ZA,Port of Durban Terminal 2,ZADUR2,Durban,Africa,-29.871,31.026,Container Port,Operational,High,10200000,5100000,15160000,80,76,57,34,56,Medium,Containers	General Cargo,Global Hub,Maintain normal operations and monitor weather conditions.,Generated monitoring dataset
EG,Port Said Terminal 2,EGPSD2,Port Said,Africa,31.265,32.301,Container Port,Operational,High,10200000,5100000,15160000,80,12,62,37,37,Medium,Containers	General Cargo,Global Hub,Maintain normal operations and monitor weather conditions.,Generated monitoring dataset
ES,Port of Valencia Terminal 2,ESVLC2,Valencia,Europe,39.449,-0.316,Container Port,Operational,High,10200000,5100000,15160000,80,19,67,40,42,Medium,Containers	General Cargo,Global Hub,Maintain normal operations and monitor weather conditions.,Generated monitoring dataset
IT,Port of Genoa Terminal 2,ITGOA2,Genoa,Europe,44.404,8.923,Container Port,Operational,High,10200000,5100000,15160000,80,26,6,43,25,Low,Containers	General Cargo,Global Hub,Maintain normal operations and monitor weather conditions.,Generated monitoring dataset
FR,Port of Marseille Terminal 2,FRMRS2,Marseille,Europe,43.296,5.369,Container Port,Operational,High,10200000,5100000,15160000,80,33,11,46,30,Low,Containers	General Cargo,Global Hub,Maintain normal operations and monitor weather conditions.,Generated monitoring dataset
GB,Port of Felixstowe Terminal 2,GBFXT2,Felixstowe,Europe,51.954,1.351,Container Port,Operational,High,10200000,5100000,15160000,80,40,16,49,35,Medium,Containers	General Cargo,Global Hub,Maintain normal operations and monitor weather conditions.,Generated monitoring dataset
CA,Port of Vancouver Terminal 2,CAVAN2,Vancouver,North America,49.296,-123.104,Container Port,Operational,High,10200000,5100000,15160000,80,47,21,52,40,Medium,Containers	General Cargo,Global Hub,Maintain normal operations and monitor weather conditions.,Generated monitoring dataset
MX,Port of Manzanillo Terminal 2,MXZLO2,Manzanillo,North America,19.052,-104.315,Container Port,Operational,High,10200000,5100000,15160000,80,54,26,55,45,Medium,Containers	General Cargo,Global Hub,Maintain normal operations and monitor weather conditions.,Generated monitoring dataset
AU,Port of Melbourne Terminal 2,AUMEL2,Melbourne,Oceania,-37.814,144.963,Container Port,Operational,High,10200000,5100000,15160000,80,61,31,58,50,Medium,Containers	General Cargo,Global Hub,Maintain normal operations and monitor weather conditions.,Generated monitoring dataset
NZ,Port of Auckland Terminal 2,NZAKL2,Auckland,Oceania,-36.841,174.765,Container Port,Operational,High,10200000,5100000,15160000,80,68,36,61,55,Medium,Containers	General Cargo,Global Hub,Maintain normal operations and monitor weather conditions.,Generated monitoring dataset
SG,Port of Singapore Terminal 3,SGSIN3,Singapore,Asia,1.264,103.84,Container Port,Operational,High,10300000,5150000,15240000,80,75,41,64,60,High,Containers	General Cargo,Global Hub,Maintain normal operations and monitor weather conditions.,Generated monitoring dataset
CN,Port of Shanghai Terminal 3,CNSHA3,Shanghai,Asia,31.23,121.491,Container Port,Operational,High,10300000,5150000,15240000,80,11,46,67,41,Medium,Containers	General Cargo,Global Hub,Maintain normal operations and monitor weather conditions.,Generated monitoring dataset
CN,Port of Ningbo-Zhoushan Terminal 3,CNNGB3,Ningbo,Asia,29.868,121.544,Container Port,Operational,High,10300000,5150000,15240000,80,18,51,70,46,Medium,Containers	General Cargo,Global Hub,Maintain normal operations and monitor weather conditions.,Generated monitoring dataset
NL,Port of Rotterdam Terminal 3,NLRTM3,Rotterdam,Europe,51.948,4.142,Container Port,Operational,High,10300000,5150000,15240000,80,25,56,73,51,Medium,Containers	General Cargo,Global Hub,Maintain normal operations and monitor weather conditions.,Generated monitoring dataset
BE,Port of Antwerp Terminal 3,BEANR3,Antwerp,Europe,51.263,4.4,Container Port,Operational,High,10300000,5150000,15240000,80,32,61,12,35,Medium,Containers	General Cargo,Global Hub,Maintain normal operations and monitor weather conditions.,Generated monitoring dataset
DE,Port of Hamburg Terminal 3,DEHAM3,Hamburg,Europe,53.546,9.966,Container Port,Operational,High,10300000,5150000,15240000,80,39,66,15,40,Medium,Containers	General Cargo,Global Hub,Maintain normal operations and monitor weather conditions.,Generated monitoring dataset
US,Port of Los Angeles Terminal 3,USLAX3,Los Angeles,North America,33.736,-118.263,Container Port,Operational,High,10300000,5150000,15240000,80,46,5,18,23,Low,Containers	General Cargo,Global Hub,Maintain normal operations and monitor weather conditions.,Generated monitoring dataset
US,Port of Long Beach Terminal 3,USLGB3,Long Beach,North America,33.754,-118.216,Container Port,Operational,High,10300000,5150000,15240000,80,53,10,21,28,Low,Containers	General Cargo,Global Hub,Maintain normal operations and monitor weather conditions.,Generated monitoring dataset
AE,Jebel Ali Port Terminal 3,AEJEA3,Dubai,Middle East,25.011,55.062,Container Port,Operational,High,10300000,5150000,15240000,80,60,15,24,33,Low,Containers	General Cargo,Global Hub,Maintain normal operations and monitor weather conditions.,Generated monitoring dataset
KR,Port of Busan Terminal 3,KRPUS3,Busan,Asia,35.102,129.04,Container Port,Operational,High,10300000,5150000,15240000,80,67,20,27,38,Medium,Containers	General Cargo,Global Hub,Maintain normal operations and monitor weather conditions.,Generated monitoring dataset
JP,Port of Yokohama Terminal 3,JPYOK3,Yokohama,Asia,35.443,139.638,Container Port,Operational,High,10300000,5150000,15240000,80,74,25,30,43,Medium,Containers	General Cargo,Global Hub,Maintain normal operations and monitor weather conditions.,Generated monitoring dataset
MY,Port Klang Terminal 3,MYPKG3,Klang,Asia,3.001,101.399,Container Port,Operational,High,10300000,5150000,15240000,80,10,30,33,24,Low,Containers	General Cargo,Global Hub,Maintain normal operations and monitor weather conditions.,Generated monitoring dataset
MY,Port of Tanjung Pelepas Terminal 3,MYTPP3,Johor,Asia,1.363,103.548,Container Port,Operational,High,10300000,5150000,15240000,80,17,35,36,29,Low,Containers	General Cargo,Global Hub,Maintain normal operations and monitor weather conditions.,Generated monitoring dataset
ID,Port of Tanjung Priok Terminal 3,IDTPP3,Jakarta,Asia,-6.104,106.886,Container Port,Operational,High,10300000,5150000,15240000,80,24,40,39,34,Low,Containers	General Cargo,Global Hub,Maintain normal operations and monitor weather conditions.,Generated monitoring dataset
ID,Port of Belawan Terminal 3,IDBLW3,Medan,Asia,3.784,98.694,Container Port,Operational,High,10300000,5150000,15240000,80,31,45,42,39,Medium,Containers	General Cargo,Global Hub,Maintain normal operations and monitor weather conditions.,Generated monitoring dataset
ID,Port of Tanjung Perak Terminal 3,IDSUB3,Surabaya,Asia,-7.205,112.732,Container Port,Operational,High,10300000,5150000,15240000,80,38,50,45,44,Medium,Containers	General Cargo,Global Hub,Maintain normal operations and monitor weather conditions.,Generated monitoring dataset
IN,Jawaharlal Nehru Port Terminal 3,INNSA3,Mumbai,Asia,18.949,72.949,Container Port,Operational,High,10300000,5150000,15240000,80,45,55,48,49,Medium,Containers	General Cargo,Global Hub,Maintain normal operations and monitor weather conditions.,Generated monitoring dataset
VN,Port of Hai Phong Terminal 3,VNHPH3,Hai Phong,Asia,20.864,106.683,Container Port,Operational,High,10300000,5150000,15240000,80,52,60,51,54,Medium,Containers	General Cargo,Global Hub,Maintain normal operations and monitor weather conditions.,Generated monitoring dataset
TH,Laem Chabang Port Terminal 3,THLCH3,Chonburi,Asia,13.082,100.883,Container Port,Operational,High,10300000,5150000,15240000,80,59,65,54,59,Medium,Containers	General Cargo,Global Hub,Maintain normal operations and monitor weather conditions.,Generated monitoring dataset
BR,Port of Santos Terminal 3,BRSSZ3,Santos,South America,-23.961,-46.328,Container Port,Operational,High,10300000,5150000,15240000,80,66,70,57,64,High,Containers	General Cargo,Global Hub,Maintain normal operations and monitor weather conditions.,Generated monitoring dataset
ZA,Port of Durban Terminal 3,ZADUR3,Durban,Africa,-29.871,31.026,Container Port,Operational,High,10300000,5150000,15240000,80,73,9,60,47,Medium,Containers	General Cargo,Global Hub,Maintain normal operations and monitor weather conditions.,Generated monitoring dataset
EG,Port Said Terminal 3,EGPSD3,Port Said,Africa,31.265,32.301,Container Port,Operational,High,10300000,5150000,15240000,80,80,14,63,52,Medium,Containers	General Cargo,Global Hub,Maintain normal operations and monitor weather conditions.,Generated monitoring dataset
ES,Port of Valencia Terminal 3,ESVLC3,Valencia,Europe,39.449,-0.316,Container Port,Operational,High,10300000,5150000,15240000,80,16,19,66,34,Low,Containers	General Cargo,Global Hub,Maintain normal operations and monitor weather conditions.,Generated monitoring dataset
IT,Port of Genoa Terminal 3,ITGOA3,Genoa,Europe,44.404,8.923,Container Port,Operational,High,10300000,5150000,15240000,80,23,24,69,39,Medium,Containers	General Cargo,Global Hub,Maintain normal operations and monitor weather conditions.,Generated monitoring dataset
FR,Port of Marseille Terminal 3,FRMRS3,Marseille,Europe,43.296,5.369,Container Port,Operational,High,10300000,5150000,15240000,80,30,29,72,44,Medium,Containers	General Cargo,Global Hub,Maintain normal operations and monitor weather conditions.,Generated monitoring dataset
GB,Port of Felixstowe Terminal 3,GBFXT3,Felixstowe,Europe,51.954,1.351,Container Port,Operational,High,10300000,5150000,15240000,80,37,34,75,49,Medium,Containers	General Cargo,Global Hub,Maintain normal operations and monitor weather conditions.,Generated monitoring dataset
CA,Port of Vancouver Terminal 3,CAVAN3,Vancouver,North America,49.296,-123.104,Container Port,Operational,High,10300000,5150000,15240000,80,44,39,14,32,Low,Containers	General Cargo,Global Hub,Maintain normal operations and monitor weather conditions.,Generated monitoring dataset
MX,Port of Manzanillo Terminal 3,MXZLO3,Manzanillo,North America,19.052,-104.315,Container Port,Operational,High,10300000,5150000,15240000,80,51,44,17,37,Medium,Containers	General Cargo,Global Hub,Maintain normal operations and monitor weather conditions.,Generated monitoring dataset
AU,Port of Melbourne Terminal 3,AUMEL3,Melbourne,Oceania,-37.814,144.963,Container Port,Operational,High,10300000,5150000,15240000,80,58,49,20,42,Medium,Containers	General Cargo,Global Hub,Maintain normal operations and monitor weather conditions.,Generated monitoring dataset
NZ,Port of Auckland Terminal 3,NZAKL3,Auckland,Oceania,-36.841,174.765,Container Port,Operational,High,10300000,5150000,15240000,80,65,54,23,47,Medium,Containers	General Cargo,Global Hub,Maintain normal operations and monitor weather conditions.,Generated monitoring dataset
SG,Port of Singapore Terminal 4,SGSIN4,Singapore,Asia,1.264,103.84,Container Port,Operational,High,10400000,5200000,15320000,80,72,59,26,52,Medium,Containers	General Cargo,Global Hub,Maintain normal operations and monitor weather conditions.,Generated monitoring dataset
CN,Port of Shanghai Terminal 4,CNSHA4,Shanghai,Asia,31.23,121.491,Container Port,Operational,High,10400000,5200000,15320000,80,79,64,29,57,Medium,Containers	General Cargo,Global Hub,Maintain normal operations and monitor weather conditions.,Generated monitoring dataset
CN,Port of Ningbo-Zhoushan Terminal 4,CNNGB4,Ningbo,Asia,29.868,121.544,Container Port,Operational,High,10400000,5200000,15320000,80,15,69,32,39,Medium,Containers	General Cargo,Global Hub,Maintain normal operations and monitor weather conditions.,Generated monitoring dataset
NL,Port of Rotterdam Terminal 4,NLRTM4,Rotterdam,Europe,51.948,4.142,Container Port,Operational,High,10400000,5200000,15320000,80,22,8,35,22,Low,Containers	General Cargo,Global Hub,Maintain normal operations and monitor weather conditions.,Generated monitoring dataset
BE,Port of Antwerp Terminal 4,BEANR4,Antwerp,Europe,51.263,4.4,Container Port,Operational,High,10400000,5200000,15320000,80,29,13,38,27,Low,Containers	General Cargo,Global Hub,Maintain normal operations and monitor weather conditions.,Generated monitoring dataset
DE,Port of Hamburg Terminal 4,DEHAM4,Hamburg,Europe,53.546,9.966,Container Port,Operational,High,10400000,5200000,15320000,80,36,18,41,32,Low,Containers	General Cargo,Global Hub,Maintain normal operations and monitor weather conditions.,Generated monitoring dataset
US,Port of Los Angeles Terminal 4,USLAX4,Los Angeles,North America,33.736,-118.263,Container Port,Operational,High,10400000,5200000,15320000,80,43,23,44,37,Medium,Containers	General Cargo,Global Hub,Maintain normal operations and monitor weather conditions.,Generated monitoring dataset
US,Port of Long Beach Terminal 4,USLGB4,Long Beach,North America,33.754,-118.216,Container Port,Operational,High,10400000,5200000,15320000,80,50,28,47,42,Medium,Containers	General Cargo,Global Hub,Maintain normal operations and monitor weather conditions.,Generated monitoring dataset
AE,Jebel Ali Port Terminal 4,AEJEA4,Dubai,Middle East,25.011,55.062,Container Port,Operational,High,10400000,5200000,15320000,80,57,33,50,47,Medium,Containers	General Cargo,Global Hub,Maintain normal operations and monitor weather conditions.,Generated monitoring dataset
KR,Port of Busan Terminal 4,KRPUS4,Busan,Asia,35.102,129.04,Container Port,Operational,High,10400000,5200000,15320000,80,64,38,53,52,Medium,Containers	General Cargo,Global Hub,Maintain normal operations and monitor weather conditions.,Generated monitoring dataset
JP,Port of Yokohama Terminal 4,JPYOK4,Yokohama,Asia,35.443,139.638,Container Port,Operational,High,10400000,5200000,15320000,80,71,43,56,57,Medium,Containers	General Cargo,Global Hub,Maintain normal operations and monitor weather conditions.,Generated monitoring dataset
MY,Port Klang Terminal 4,MYPKG4,Klang,Asia,3.001,101.399,Container Port,Operational,High,10400000,5200000,15320000,80,78,48,59,62,High,Containers	General Cargo,Global Hub,Maintain normal operations and monitor weather conditions.,Generated monitoring dataset
MY,Port of Tanjung Pelepas Terminal 4,MYTPP4,Johor,Asia,1.363,103.548,Container Port,Operational,High,10400000,5200000,15320000,80,14,53,62,43,Medium,Containers	General Cargo,Global Hub,Maintain normal operations and monitor weather conditions.,Generated monitoring dataset
ID,Port of Tanjung Priok Terminal 4,IDTPP4,Jakarta,Asia,-6.104,106.886,Container Port,Operational,High,10400000,5200000,15320000,80,21,58,65,48,Medium,Containers	General Cargo,Global Hub,Maintain normal operations and monitor weather conditions.,Generated monitoring dataset
ID,Port of Belawan Terminal 4,IDBLW4,Medan,Asia,3.784,98.694,Container Port,Operational,High,10400000,5200000,15320000,80,28,63,68,53,Medium,Containers	General Cargo,Global Hub,Maintain normal operations and monitor weather conditions.,Generated monitoring dataset
ID,Port of Tanjung Perak Terminal 4,IDSUB4,Surabaya,Asia,-7.205,112.732,Container Port,Operational,High,10400000,5200000,15320000,80,35,68,71,58,Medium,Containers	General Cargo,Global Hub,Maintain normal operations and monitor weather conditions.,Generated monitoring dataset
IN,Jawaharlal Nehru Port Terminal 4,INNSA4,Mumbai,Asia,18.949,72.949,Container Port,Operational,High,10400000,5200000,15320000,80,42,7,74,41,Medium,Containers	General Cargo,Global Hub,Maintain normal operations and monitor weather conditions.,Generated monitoring dataset
VN,Port of Hai Phong Terminal 4,VNHPH4,Hai Phong,Asia,20.864,106.683,Container Port,Operational,High,10400000,5200000,15320000,80,49,12,13,25,Low,Containers	General Cargo,Global Hub,Maintain normal operations and monitor weather conditions.,Generated monitoring dataset
TH,Laem Chabang Port Terminal 4,THLCH4,Chonburi,Asia,13.082,100.883,Container Port,Operational,High,10400000,5200000,15320000,80,56,17,16,30,Low,Containers	General Cargo,Global Hub,Maintain normal operations and monitor weather conditions.,Generated monitoring dataset
BR,Port of Santos Terminal 4,BRSSZ4,Santos,South America,-23.961,-46.328,Container Port,Operational,High,10400000,5200000,15320000,80,63,22,19,35,Medium,Containers	General Cargo,Global Hub,Maintain normal operations and monitor weather conditions.,Generated monitoring dataset
ZA,Port of Durban Terminal 4,ZADUR4,Durban,Africa,-29.871,31.026,Container Port,Operational,High,10400000,5200000,15320000,80,70,27,22,40,Medium,Containers	General Cargo,Global Hub,Maintain normal operations and monitor weather conditions.,Generated monitoring dataset
EG,Port Said Terminal 4,EGPSD4,Port Said,Africa,31.265,32.301,Container Port,Operational,High,10400000,5200000,15320000,80,77,32,25,45,Medium,Containers	General Cargo,Global Hub,Maintain normal operations and monitor weather conditions.,Generated monitoring dataset
ES,Port of Valencia Terminal 4,ESVLC4,Valencia,Europe,39.449,-0.316,Container Port,Operational,High,10400000,5200000,15320000,80,13,37,28,26,Low,Containers	General Cargo,Global Hub,Maintain normal operations and monitor weather conditions.,Generated monitoring dataset
IT,Port of Genoa Terminal 4,ITGOA4,Genoa,Europe,44.404,8.923,Container Port,Operational,High,10400000,5200000,15320000,80,20,42,31,31,Low,Containers	General Cargo,Global Hub,Maintain normal operations and monitor weather conditions.,Generated monitoring dataset
FR,Port of Marseille Terminal 4,FRMRS4,Marseille,Europe,43.296,5.369,Container Port,Operational,High,10400000,5200000,15320000,80,27,47,34,36,Medium,Containers	General Cargo,Global Hub,Maintain normal operations and monitor weather conditions.,Generated monitoring dataset
GB,Port of Felixstowe Terminal 4,GBFXT4,Felixstowe,Europe,51.954,1.351,Container Port,Operational,High,10400000,5200000,15320000,80,34,52,37,41,Medium,Containers	General Cargo,Global Hub,Maintain normal operations and monitor weather conditions.,Generated monitoring dataset
CA,Port of Vancouver Terminal 4,CAVAN4,Vancouver,North America,49.296,-123.104,Container Port,Operational,High,10400000,5200000,15320000,80,41,57,40,46,Medium,Containers	General Cargo,Global Hub,Maintain normal operations and monitor weather conditions.,Generated monitoring dataset
MX,Port of Manzanillo Terminal 4,MXZLO4,Manzanillo,North America,19.052,-104.315,Container Port,Operational,High,10400000,5200000,15320000,80,48,62,43,51,Medium,Containers	General Cargo,Global Hub,Maintain normal operations and monitor weather conditions.,Generated monitoring dataset
AU,Port of Melbourne Terminal 4,AUMEL4,Melbourne,Oceania,-37.814,144.963,Container Port,Operational,High,10400000,5200000,15320000,80,55,67,46,56,Medium,Containers	General Cargo,Global Hub,Maintain normal operations and monitor weather conditions.,Generated monitoring dataset
NZ,Port of Auckland Terminal 4,NZAKL4,Auckland,Oceania,-36.841,174.765,Container Port,Operational,High,10400000,5200000,15320000,80,62,6,49,39,Medium,Containers	General Cargo,Global Hub,Maintain normal operations and monitor weather conditions.,Generated monitoring dataset
SG,Port of Singapore Terminal 5,SGSIN5,Singapore,Asia,1.264,103.84,Container Port,Operational,High,10500000,5250000,15400000,80,69,11,52,44,Medium,Containers	General Cargo,Global Hub,Maintain normal operations and monitor weather conditions.,Generated monitoring dataset
CN,Port of Shanghai Terminal 5,CNSHA5,Shanghai,Asia,31.23,121.491,Container Port,Operational,High,10500000,5250000,15400000,80,76,16,55,49,Medium,Containers	General Cargo,Global Hub,Maintain normal operations and monitor weather conditions.,Generated monitoring dataset
CN,Port of Ningbo-Zhoushan Terminal 5,CNNGB5,Ningbo,Asia,29.868,121.544,Container Port,Operational,High,10500000,5250000,15400000,80,12,21,58,30,Low,Containers	General Cargo,Global Hub,Maintain normal operations and monitor weather conditions.,Generated monitoring dataset
NL,Port of Rotterdam Terminal 5,NLRTM5,Rotterdam,Europe,51.948,4.142,Container Port,Operational,High,10500000,5250000,15400000,80,19,26,61,35,Medium,Containers	General Cargo,Global Hub,Maintain normal operations and monitor weather conditions.,Generated monitoring dataset
BE,Port of Antwerp Terminal 5,BEANR5,Antwerp,Europe,51.263,4.4,Container Port,Operational,High,10500000,5250000,15400000,80,26,31,64,40,Medium,Containers	General Cargo,Global Hub,Maintain normal operations and monitor weather conditions.,Generated monitoring dataset
DE,Port of Hamburg Terminal 5,DEHAM5,Hamburg,Europe,53.546,9.966,Container Port,Operational,High,10500000,5250000,15400000,80,33,36,67,45,Medium,Containers	General Cargo,Global Hub,Maintain normal operations and monitor weather conditions.,Generated monitoring dataset
US,Port of Los Angeles Terminal 5,USLAX5,Los Angeles,North America,33.736,-118.263,Container Port,Operational,High,10500000,5250000,15400000,80,40,41,70,50,Medium,Containers	General Cargo,Global Hub,Maintain normal operations and monitor weather conditions.,Generated monitoring dataset
US,Port of Long Beach Terminal 5,USLGB5,Long Beach,North America,33.754,-118.216,Container Port,Operational,High,10500000,5250000,15400000,80,47,46,73,55,Medium,Containers	General Cargo,Global Hub,Maintain normal operations and monitor weather conditions.,Generated monitoring dataset
AE,Jebel Ali Port Terminal 5,AEJEA5,Dubai,Middle East,25.011,55.062,Container Port,Operational,High,10500000,5250000,15400000,80,54,51,12,39,Medium,Containers	General Cargo,Global Hub,Maintain normal operations and monitor weather conditions.,Generated monitoring dataset
KR,Port of Busan Terminal 5,KRPUS5,Busan,Asia,35.102,129.04,Container Port,Operational,High,10500000,5250000,15400000,80,61,56,15,44,Medium,Containers	General Cargo,Global Hub,Maintain normal operations and monitor weather conditions.,Generated monitoring dataset
JP,Port of Yokohama Terminal 5,JPYOK5,Yokohama,Asia,35.443,139.638,Container Port,Operational,High,10500000,5250000,15400000,80,68,61,18,49,Medium,Containers	General Cargo,Global Hub,Maintain normal operations and monitor weather conditions.,Generated monitoring dataset
MY,Port Klang Terminal 5,MYPKG5,Klang,Asia,3.001,101.399,Container Port,Operational,High,10500000,5250000,15400000,80,75,66,21,54,Medium,Containers	General Cargo,Global Hub,Maintain normal operations and monitor weather conditions.,Generated monitoring dataset
MY,Port of Tanjung Pelepas Terminal 5,MYTPP5,Johor,Asia,1.363,103.548,Container Port,Operational,High,10500000,5250000,15400000,80,11,5,24,13,Low,Containers	General Cargo,Global Hub,Maintain normal operations and monitor weather conditions.,Generated monitoring dataset
ID,Port of Tanjung Priok Terminal 5,IDTPP5,Jakarta,Asia,-6.104,106.886,Container Port,Operational,High,10500000,5250000,15400000,80,18,10,27,18,Low,Containers	General Cargo,Global Hub,Maintain normal operations and monitor weather conditions.,Generated monitoring dataset
ID,Port of Belawan Terminal 5,IDBLW5,Medan,Asia,3.784,98.694,Container Port,Operational,High,10500000,5250000,15400000,80,25,15,30,23,Low,Containers	General Cargo,Global Hub,Maintain normal operations and monitor weather conditions.,Generated monitoring dataset
ID,Port of Tanjung Perak Terminal 5,IDSUB5,Surabaya,Asia,-7.205,112.732,Container Port,Operational,High,10500000,5250000,15400000,80,32,20,33,28,Low,Containers	General Cargo,Global Hub,Maintain normal operations and monitor weather conditions.,Generated monitoring dataset
IN,Jawaharlal Nehru Port Terminal 5,INNSA5,Mumbai,Asia,18.949,72.949,Container Port,Operational,High,10500000,5250000,15400000,80,39,25,36,33,Low,Containers	General Cargo,Global Hub,Maintain normal operations and monitor weather conditions.,Generated monitoring dataset
VN,Port of Hai Phong Terminal 5,VNHPH5,Hai Phong,Asia,20.864,106.683,Container Port,Operational,High,10500000,5250000,15400000,80,46,30,39,38,Medium,Containers	General Cargo,Global Hub,Maintain normal operations and monitor weather conditions.,Generated monitoring dataset
TH,Laem Chabang Port Terminal 5,THLCH5,Chonburi,Asia,13.082,100.883,Container Port,Operational,High,10500000,5250000,15400000,80,53,35,42,43,Medium,Containers	General Cargo,Global Hub,Maintain normal operations and monitor weather conditions.,Generated monitoring dataset
BR,Port of Santos Terminal 5,BRSSZ5,Santos,South America,-23.961,-46.328,Container Port,Operational,High,10500000,5250000,15400000,80,60,40,45,48,Medium,Containers	General Cargo,Global Hub,Maintain normal operations and monitor weather conditions.,Generated monitoring dataset
ZA,Port of Durban Terminal 5,ZADUR5,Durban,Africa,-29.871,31.026,Container Port,Operational,High,10500000,5250000,15400000,80,67,45,48,53,Medium,Containers	General Cargo,Global Hub,Maintain normal operations and monitor weather conditions.,Generated monitoring dataset
EG,Port Said Terminal 5,EGPSD5,Port Said,Africa,31.265,32.301,Container Port,Operational,High,10500000,5250000,15400000,80,74,50,51,58,Medium,Containers	General Cargo,Global Hub,Maintain normal operations and monitor weather conditions.,Generated monitoring dataset
ES,Port of Valencia Terminal 5,ESVLC5,Valencia,Europe,39.449,-0.316,Container Port,Operational,High,10500000,5250000,15400000,80,10,55,54,40,Medium,Containers	General Cargo,Global Hub,Maintain normal operations and monitor weather conditions.,Generated monitoring dataset
IT,Port of Genoa Terminal 5,ITGOA5,Genoa,Europe,44.404,8.923,Container Port,Operational,High,10500000,5250000,15400000,80,17,60,57,45,Medium,Containers	General Cargo,Global Hub,Maintain normal operations and monitor weather conditions.,Generated monitoring dataset
FR,Port of Marseille Terminal 5,FRMRS5,Marseille,Europe,43.296,5.369,Container Port,Operational,High,10500000,5250000,15400000,80,24,65,60,50,Medium,Containers	General Cargo,Global Hub,Maintain normal operations and monitor weather conditions.,Generated monitoring dataset
GB,Port of Felixstowe Terminal 5,GBFXT5,Felixstowe,Europe,51.954,1.351,Container Port,Operational,High,10500000,5250000,15400000,80,31,70,63,55,Medium,Containers	General Cargo,Global Hub,Maintain normal operations and monitor weather conditions.,Generated monitoring dataset
CA,Port of Vancouver Terminal 5,CAVAN5,Vancouver,North America,49.296,-123.104,Container Port,Operational,High,10500000,5250000,15400000,80,38,9,66,38,Medium,Containers	General Cargo,Global Hub,Maintain normal operations and monitor weather conditions.,Generated monitoring dataset
MX,Port of Manzanillo Terminal 5,MXZLO5,Manzanillo,North America,19.052,-104.315,Container Port,Operational,High,10500000,5250000,15400000,80,45,14,69,43,Medium,Containers	General Cargo,Global Hub,Maintain normal operations and monitor weather conditions.,Generated monitoring dataset
AU,Port of Melbourne Terminal 5,AUMEL5,Melbourne,Oceania,-37.814,144.963,Container Port,Operational,High,10500000,5250000,15400000,80,52,19,72,48,Medium,Containers	General Cargo,Global Hub,Maintain normal operations and monitor weather conditions.,Generated monitoring dataset
NZ,Port of Auckland Terminal 5,NZAKL5,Auckland,Oceania,-36.841,174.765,Container Port,Operational,High,10500000,5250000,15400000,80,59,24,75,53,Medium,Containers	General Cargo,Global Hub,Maintain normal operations and monitor weather conditions.,Generated monitoring dataset
SG,Port of Singapore Terminal 6,SGSIN6,Singapore,Asia,1.264,103.84,Container Port,Operational,High,10600000,5300000,15480000,80,66,29,14,36,Medium,Containers	General Cargo,Global Hub,Maintain normal operations and monitor weather conditions.,Generated monitoring dataset
CN,Port of Shanghai Terminal 6,CNSHA6,Shanghai,Asia,31.23,121.491,Container Port,Operational,High,10600000,5300000,15480000,80,73,34,17,41,Medium,Containers	General Cargo,Global Hub,Maintain normal operations and monitor weather conditions.,Generated monitoring dataset
CN,Port of Ningbo-Zhoushan Terminal 6,CNNGB6,Ningbo,Asia,29.868,121.544,Container Port,Operational,High,10600000,5300000,15480000,80,80,39,20,46,Medium,Containers	General Cargo,Global Hub,Maintain normal operations and monitor weather conditions.,Generated monitoring dataset
NL,Port of Rotterdam Terminal 6,NLRTM6,Rotterdam,Europe,51.948,4.142,Container Port,Operational,High,10600000,5300000,15480000,80,16,44,23,28,Low,Containers	General Cargo,Global Hub,Maintain normal operations and monitor weather conditions.,Generated monitoring dataset
BE,Port of Antwerp Terminal 6,BEANR6,Antwerp,Europe,51.263,4.4,Container Port,Operational,High,10600000,5300000,15480000,80,23,49,26,33,Low,Containers	General Cargo,Global Hub,Maintain normal operations and monitor weather conditions.,Generated monitoring dataset
DE,Port of Hamburg Terminal 6,DEHAM6,Hamburg,Europe,53.546,9.966,Container Port,Operational,High,10600000,5300000,15480000,80,30,54,29,38,Medium,Containers	General Cargo,Global Hub,Maintain normal operations and monitor weather conditions.,Generated monitoring dataset
US,Port of Los Angeles Terminal 6,USLAX6,Los Angeles,North America,33.736,-118.263,Container Port,Operational,High,10600000,5300000,15480000,80,37,59,32,43,Medium,Containers	General Cargo,Global Hub,Maintain normal operations and monitor weather conditions.,Generated monitoring dataset
US,Port of Long Beach Terminal 6,USLGB6,Long Beach,North America,33.754,-118.216,Container Port,Operational,High,10600000,5300000,15480000,80,44,64,35,48,Medium,Containers	General Cargo,Global Hub,Maintain normal operations and monitor weather conditions.,Generated monitoring dataset
AE,Jebel Ali Port Terminal 6,AEJEA6,Dubai,Middle East,25.011,55.062,Container Port,Operational,High,10600000,5300000,15480000,80,51,69,38,53,Medium,Containers	General Cargo,Global Hub,Maintain normal operations and monitor weather conditions.,Generated monitoring dataset
KR,Port of Busan Terminal 6,KRPUS6,Busan,Asia,35.102,129.04,Container Port,Operational,High,10600000,5300000,15480000,80,58,8,41,36,Medium,Containers	General Cargo,Global Hub,Maintain normal operations and monitor weather conditions.,Generated monitoring dataset
JP,Port of Yokohama Terminal 6,JPYOK6,Yokohama,Asia,35.443,139.638,Container Port,Operational,High,10600000,5300000,15480000,80,65,13,44,41,Medium,Containers	General Cargo,Global Hub,Maintain normal operations and monitor weather conditions.,Generated monitoring dataset
MY,Port Klang Terminal 6,MYPKG6,Klang,Asia,3.001,101.399,Container Port,Operational,High,10600000,5300000,15480000,80,72,18,47,46,Medium,Containers	General Cargo,Global Hub,Maintain normal operations and monitor weather conditions.,Generated monitoring dataset
MY,Port of Tanjung Pelepas Terminal 6,MYTPP6,Johor,Asia,1.363,103.548,Container Port,Operational,High,10600000,5300000,15480000,80,79,23,50,51,Medium,Containers	General Cargo,Global Hub,Maintain normal operations and monitor weather conditions.,Generated monitoring dataset
ID,Port of Tanjung Priok Terminal 6,IDTPP6,Jakarta,Asia,-6.104,106.886,Container Port,Operational,High,10600000,5300000,15480000,80,15,28,53,32,Low,Containers	General Cargo,Global Hub,Maintain normal operations and monitor weather conditions.,Generated monitoring dataset
ID,Port of Belawan Terminal 6,IDBLW6,Medan,Asia,3.784,98.694,Container Port,Operational,High,10600000,5300000,15480000,80,22,33,56,37,Medium,Containers	General Cargo,Global Hub,Maintain normal operations and monitor weather conditions.,Generated monitoring dataset
ID,Port of Tanjung Perak Terminal 6,IDSUB6,Surabaya,Asia,-7.205,112.732,Container Port,Operational,High,10600000,5300000,15480000,80,29,38,59,42,Medium,Containers	General Cargo,Global Hub,Maintain normal operations and monitor weather conditions.,Generated monitoring dataset
IN,Jawaharlal Nehru Port Terminal 6,INNSA6,Mumbai,Asia,18.949,72.949,Container Port,Operational,High,10600000,5300000,15480000,80,36,43,62,47,Medium,Containers	General Cargo,Global Hub,Maintain normal operations and monitor weather conditions.,Generated monitoring dataset
VN,Port of Hai Phong Terminal 6,VNHPH6,Hai Phong,Asia,20.864,106.683,Container Port,Operational,High,10600000,5300000,15480000,80,43,48,65,52,Medium,Containers	General Cargo,Global Hub,Maintain normal operations and monitor weather conditions.,Generated monitoring dataset
TH,Laem Chabang Port Terminal 6,THLCH6,Chonburi,Asia,13.082,100.883,Container Port,Operational,High,10600000,5300000,15480000,80,50,53,68,57,Medium,Containers	General Cargo,Global Hub,Maintain normal operations and monitor weather conditions.,Generated monitoring dataset
BR,Port of Santos Terminal 6,BRSSZ6,Santos,South America,-23.961,-46.328,Container Port,Operational,High,10600000,5300000,15480000,80,57,58,71,62,High,Containers	General Cargo,Global Hub,Maintain normal operations and monitor weather conditions.,Generated monitoring dataset
ZA,Port of Durban Terminal 6,ZADUR6,Durban,Africa,-29.871,31.026,Container Port,Operational,High,10600000,5300000,15480000,80,64,63,74,67,High,Containers	General Cargo,Global Hub,Maintain normal operations and monitor weather conditions.,Generated monitoring dataset
EG,Port Said Terminal 6,EGPSD6,Port Said,Africa,31.265,32.301,Container Port,Operational,High,10600000,5300000,15480000,80,71,68,13,51,Medium,Containers	General Cargo,Global Hub,Maintain normal operations and monitor weather conditions.,Generated monitoring dataset
ES,Port of Valencia Terminal 6,ESVLC6,Valencia,Europe,39.449,-0.316,Container Port,Operational,High,10600000,5300000,15480000,80,78,7,16,34,Low,Containers	General Cargo,Global Hub,Maintain normal operations and monitor weather conditions.,Generated monitoring dataset
IT,Port of Genoa Terminal 6,ITGOA6,Genoa,Europe,44.404,8.923,Container Port,Operational,High,10600000,5300000,15480000,80,14,12,19,15,Low,Containers	General Cargo,Global Hub,Maintain normal operations and monitor weather conditions.,Generated monitoring dataset
FR,Port of Marseille Terminal 6,FRMRS6,Marseille,Europe,43.296,5.369,Container Port,Operational,High,10600000,5300000,15480000,80,21,17,22,20,Low,Containers	General Cargo,Global Hub,Maintain normal operations and monitor weather conditions.,Generated monitoring dataset
GB,Port of Felixstowe Terminal 6,GBFXT6,Felixstowe,Europe,51.954,1.351,Container Port,Operational,High,10600000,5300000,15480000,80,28,22,25,25,Low,Containers	General Cargo,Global Hub,Maintain normal operations and monitor weather conditions.,Generated monitoring dataset
CA,Port of Vancouver Terminal 6,CAVAN6,Vancouver,North America,49.296,-123.104,Container Port,Operational,High,10600000,5300000,15480000,80,35,27,28,30,Low,Containers	General Cargo,Global Hub,Maintain normal operations and monitor weather conditions.,Generated monitoring dataset
MX,Port of Manzanillo Terminal 6,MXZLO6,Manzanillo,North America,19.052,-104.315,Container Port,Operational,High,10600000,5300000,15480000,80,42,32,31,35,Medium,Containers	General Cargo,Global Hub,Maintain normal operations and monitor weather conditions.,Generated monitoring dataset
AU,Port of Melbourne Terminal 6,AUMEL6,Melbourne,Oceania,-37.814,144.963,Container Port,Operational,High,10600000,5300000,15480000,80,49,37,34,40,Medium,Containers	General Cargo,Global Hub,Maintain normal operations and monitor weather conditions.,Generated monitoring dataset
NZ,Port of Auckland Terminal 6,NZAKL6,Auckland,Oceania,-36.841,174.765,Container Port,Operational,High,10600000,5300000,15480000,80,56,42,37,45,Medium,Containers	General Cargo,Global Hub,Maintain normal operations and monitor weather conditions.,Generated monitoring dataset
SG,Port of Singapore Terminal 7,SGSIN7,Singapore,Asia,1.264,103.84,Container Port,Operational,High,10700000,5350000,15560000,80,63,47,40,50,Medium,Containers	General Cargo,Global Hub,Maintain normal operations and monitor weather conditions.,Generated monitoring dataset
CN,Port of Shanghai Terminal 7,CNSHA7,Shanghai,Asia,31.23,121.491,Container Port,Operational,High,10700000,5350000,15560000,80,70,52,43,55,Medium,Containers	General Cargo,Global Hub,Maintain normal operations and monitor weather conditions.,Generated monitoring dataset
CN,Port of Ningbo-Zhoushan Terminal 7,CNNGB7,Ningbo,Asia,29.868,121.544,Container Port,Operational,High,10700000,5350000,15560000,80,77,57,46,60,High,Containers	General Cargo,Global Hub,Maintain normal operations and monitor weather conditions.,Generated monitoring dataset
NL,Port of Rotterdam Terminal 7,NLRTM7,Rotterdam,Europe,51.948,4.142,Container Port,Operational,High,10700000,5350000,15560000,80,13,62,49,41,Medium,Containers	General Cargo,Global Hub,Maintain normal operations and monitor weather conditions.,Generated monitoring dataset
BE,Port of Antwerp Terminal 7,BEANR7,Antwerp,Europe,51.263,4.4,Container Port,Operational,High,10700000,5350000,15560000,80,20,67,52,46,Medium,Containers	General Cargo,Global Hub,Maintain normal operations and monitor weather conditions.,Generated monitoring dataset
DE,Port of Hamburg Terminal 7,DEHAM7,Hamburg,Europe,53.546,9.966,Container Port,Operational,High,10700000,5350000,15560000,80,27,6,55,29,Low,Containers	General Cargo,Global Hub,Maintain normal operations and monitor weather conditions.,Generated monitoring dataset
US,Port of Los Angeles Terminal 7,USLAX7,Los Angeles,North America,33.736,-118.263,Container Port,Operational,High,10700000,5350000,15560000,80,34,11,58,34,Low,Containers	General Cargo,Global Hub,Maintain normal operations and monitor weather conditions.,Generated monitoring dataset
US,Port of Long Beach Terminal 7,USLGB7,Long Beach,North America,33.754,-118.216,Container Port,Operational,High,10700000,5350000,15560000,80,41,16,61,39,Medium,Containers	General Cargo,Global Hub,Maintain normal operations and monitor weather conditions.,Generated monitoring dataset
AE,Jebel Ali Port Terminal 7,AEJEA7,Dubai,Middle East,25.011,55.062,Container Port,Operational,High,10700000,5350000,15560000,80,48,21,64,44,Medium,Containers	General Cargo,Global Hub,Maintain normal operations and monitor weather conditions.,Generated monitoring dataset
KR,Port of Busan Terminal 7,KRPUS7,Busan,Asia,35.102,129.04,Container Port,Operational,High,10700000,5350000,15560000,80,55,26,67,49,Medium,Containers	General Cargo,Global Hub,Maintain normal operations and monitor weather conditions.,Generated monitoring dataset
JP,Port of Yokohama Terminal 7,JPYOK7,Yokohama,Asia,35.443,139.638,Container Port,Operational,High,10700000,5350000,15560000,80,62,31,70,54,Medium,Containers	General Cargo,Global Hub,Maintain normal operations and monitor weather conditions.,Generated monitoring dataset
MY,Port Klang Terminal 7,MYPKG7,Klang,Asia,3.001,101.399,Container Port,Operational,High,10700000,5350000,15560000,80,69,36,73,59,Medium,Containers	General Cargo,Global Hub,Maintain normal operations and monitor weather conditions.,Generated monitoring dataset
MY,Port of Tanjung Pelepas Terminal 7,MYTPP7,Johor,Asia,1.363,103.548,Container Port,Operational,High,10700000,5350000,15560000,80,76,41,12,43,Medium,Containers	General Cargo,Global Hub,Maintain normal operations and monitor weather conditions.,Generated monitoring dataset
ID,Port of Tanjung Priok Terminal 7,IDTPP7,Jakarta,Asia,-6.104,106.886,Container Port,Operational,High,10700000,5350000,15560000,80,12,46,15,24,Low,Containers	General Cargo,Global Hub,Maintain normal operations and monitor weather conditions.,Generated monitoring dataset
ID,Port of Belawan Terminal 7,IDBLW7,Medan,Asia,3.784,98.694,Container Port,Operational,High,10700000,5350000,15560000,80,19,51,18,29,Low,Containers	General Cargo,Global Hub,Maintain normal operations and monitor weather conditions.,Generated monitoring dataset
ID,Port of Tanjung Perak Terminal 7,IDSUB7,Surabaya,Asia,-7.205,112.732,Container Port,Operational,High,10700000,5350000,15560000,80,26,56,21,34,Low,Containers	General Cargo,Global Hub,Maintain normal operations and monitor weather conditions.,Generated monitoring dataset
IN,Jawaharlal Nehru Port Terminal 7,INNSA7,Mumbai,Asia,18.949,72.949,Container Port,Operational,High,10700000,5350000,15560000,80,33,61,24,39,Medium,Containers	General Cargo,Global Hub,Maintain normal operations and monitor weather conditions.,Generated monitoring dataset
VN,Port of Hai Phong Terminal 7,VNHPH7,Hai Phong,Asia,20.864,106.683,Container Port,Operational,High,10700000,5350000,15560000,80,40,66,27,44,Medium,Containers	General Cargo,Global Hub,Maintain normal operations and monitor weather conditions.,Generated monitoring dataset
TH,Laem Chabang Port Terminal 7,THLCH7,Chonburi,Asia,13.082,100.883,Container Port,Operational,High,10700000,5350000,15560000,80,47,5,30,27,Low,Containers	General Cargo,Global Hub,Maintain normal operations and monitor weather conditions.,Generated monitoring dataset
BR,Port of Santos Terminal 7,BRSSZ7,Santos,South America,-23.961,-46.328,Container Port,Operational,High,10700000,5350000,15560000,80,54,10,33,32,Low,Containers	General Cargo,Global Hub,Maintain normal operations and monitor weather conditions.,Generated monitoring dataset
ZA,Port of Durban Terminal 7,ZADUR7,Durban,Africa,-29.871,31.026,Container Port,Operational,High,10700000,5350000,15560000,80,61,15,36,37,Medium,Containers	General Cargo,Global Hub,Maintain normal operations and monitor weather conditions.,Generated monitoring dataset
EG,Port Said Terminal 7,EGPSD7,Port Said,Africa,31.265,32.301,Container Port,Operational,High,10700000,5350000,15560000,80,68,20,39,42,Medium,Containers	General Cargo,Global Hub,Maintain normal operations and monitor weather conditions.,Generated monitoring dataset
ES,Port of Valencia Terminal 7,ESVLC7,Valencia,Europe,39.449,-0.316,Container Port,Operational,High,10700000,5350000,15560000,80,75,25,42,47,Medium,Containers	General Cargo,Global Hub,Maintain normal operations and monitor weather conditions.,Generated monitoring dataset
IT,Port of Genoa Terminal 7,ITGOA7,Genoa,Europe,44.404,8.923,Container Port,Operational,High,10700000,5350000,15560000,80,11,30,45,29,Low,Containers	General Cargo,Global Hub,Maintain normal operations and monitor weather conditions.,Generated monitoring dataset
FR,Port of Marseille Terminal 7,FRMRS7,Marseille,Europe,43.296,5.369,Container Port,Operational,High,10700000,5350000,15560000,80,18,35,48,34,Low,Containers	General Cargo,Global Hub,Maintain normal operations and monitor weather conditions.,Generated monitoring dataset
GB,Port of Felixstowe Terminal 7,GBFXT7,Felixstowe,Europe,51.954,1.351,Container Port,Operational,High,10700000,5350000,15560000,80,25,40,51,39,Medium,Containers	General Cargo,Global Hub,Maintain normal operations and monitor weather conditions.,Generated monitoring dataset
CA,Port of Vancouver Terminal 7,CAVAN7,Vancouver,North America,49.296,-123.104,Container Port,Operational,High,10700000,5350000,15560000,80,32,45,54,44,Medium,Containers	General Cargo,Global Hub,Maintain normal operations and monitor weather conditions.,Generated monitoring dataset
MX,Port of Manzanillo Terminal 7,MXZLO7,Manzanillo,North America,19.052,-104.315,Container Port,Operational,High,10700000,5350000,15560000,80,39,50,57,49,Medium,Containers	General Cargo,Global Hub,Maintain normal operations and monitor weather conditions.,Generated monitoring dataset
AU,Port of Melbourne Terminal 7,AUMEL7,Melbourne,Oceania,-37.814,144.963,Container Port,Operational,High,10700000,5350000,15560000,80,46,55,60,54,Medium,Containers	General Cargo,Global Hub,Maintain normal operations and monitor weather conditions.,Generated monitoring dataset
NZ,Port of Auckland Terminal 7,NZAKL7,Auckland,Oceania,-36.841,174.765,Container Port,Operational,High,10700000,5350000,15560000,80,53,60,63,59,Medium,Containers	General Cargo,Global Hub,Maintain normal operations and monitor weather conditions.,Generated monitoring dataset
SG,Port of Singapore Terminal 8,SGSIN8,Singapore,Asia,1.264,103.84,Container Port,Operational,High,10800000,5400000,15640000,80,60,65,66,64,High,Containers	General Cargo,Global Hub,Maintain normal operations and monitor weather conditions.,Generated monitoring dataset
CN,Port of Shanghai Terminal 8,CNSHA8,Shanghai,Asia,31.23,121.491,Container Port,Operational,High,10800000,5400000,15640000,80,67,70,69,69,High,Containers	General Cargo,Global Hub,Maintain normal operations and monitor weather conditions.,Generated monitoring dataset
CN,Port of Ningbo-Zhoushan Terminal 8,CNNGB8,Ningbo,Asia,29.868,121.544,Container Port,Operational,High,10800000,5400000,15640000,80,74,9,72,52,Medium,Containers	General Cargo,Global Hub,Maintain normal operations and monitor weather conditions.,Generated monitoring dataset
NL,Port of Rotterdam Terminal 8,NLRTM8,Rotterdam,Europe,51.948,4.142,Container Port,Operational,High,10800000,5400000,15640000,80,10,14,75,33,Low,Containers	General Cargo,Global Hub,Maintain normal operations and monitor weather conditions.,Generated monitoring dataset
BE,Port of Antwerp Terminal 8,BEANR8,Antwerp,Europe,51.263,4.4,Container Port,Operational,High,10800000,5400000,15640000,80,17,19,14,17,Low,Containers	General Cargo,Global Hub,Maintain normal operations and monitor weather conditions.,Generated monitoring dataset
DE,Port of Hamburg Terminal 8,DEHAM8,Hamburg,Europe,53.546,9.966,Container Port,Operational,High,10800000,5400000,15640000,80,24,24,17,22,Low,Containers	General Cargo,Global Hub,Maintain normal operations and monitor weather conditions.,Generated monitoring dataset
US,Port of Los Angeles Terminal 8,USLAX8,Los Angeles,North America,33.736,-118.263,Container Port,Operational,High,10800000,5400000,15640000,80,31,29,20,27,Low,Containers	General Cargo,Global Hub,Maintain normal operations and monitor weather conditions.,Generated monitoring dataset
US,Port of Long Beach Terminal 8,USLGB8,Long Beach,North America,33.754,-118.216,Container Port,Operational,High,10800000,5400000,15640000,80,38,34,23,32,Low,Containers	General Cargo,Global Hub,Maintain normal operations and monitor weather conditions.,Generated monitoring dataset
AE,Jebel Ali Port Terminal 8,AEJEA8,Dubai,Middle East,25.011,55.062,Container Port,Operational,High,10800000,5400000,15640000,80,45,39,26,37,Medium,Containers	General Cargo,Global Hub,Maintain normal operations and monitor weather conditions.,Generated monitoring dataset
KR,Port of Busan Terminal 8,KRPUS8,Busan,Asia,35.102,129.04,Container Port,Operational,High,10800000,5400000,15640000,80,52,44,29,42,Medium,Containers	General Cargo,Global Hub,Maintain normal operations and monitor weather conditions.,Generated monitoring dataset
JP,Port of Yokohama Terminal 8,JPYOK8,Yokohama,Asia,35.443,139.638,Container Port,Operational,High,10800000,5400000,15640000,80,59,49,32,47,Medium,Containers	General Cargo,Global Hub,Maintain normal operations and monitor weather conditions.,Generated monitoring dataset
MY,Port Klang Terminal 8,MYPKG8,Klang,Asia,3.001,101.399,Container Port,Operational,High,10800000,5400000,15640000,80,66,54,35,52,Medium,Containers	General Cargo,Global Hub,Maintain normal operations and monitor weather conditions.,Generated monitoring dataset
MY,Port of Tanjung Pelepas Terminal 8,MYTPP8,Johor,Asia,1.363,103.548,Container Port,Operational,High,10800000,5400000,15640000,80,73,59,38,57,Medium,Containers	General Cargo,Global Hub,Maintain normal operations and monitor weather conditions.,Generated monitoring dataset
ID,Port of Tanjung Priok Terminal 8,IDTPP8,Jakarta,Asia,-6.104,106.886,Container Port,Operational,High,10800000,5400000,15640000,80,80,64,41,62,High,Containers	General Cargo,Global Hub,Maintain normal operations and monitor weather conditions.,Generated monitoring dataset
ID,Port of Belawan Terminal 8,IDBLW8,Medan,Asia,3.784,98.694,Container Port,Operational,High,10800000,5400000,15640000,80,16,69,44,43,Medium,Containers	General Cargo,Global Hub,Maintain normal operations and monitor weather conditions.,Generated monitoring dataset
ID,Port of Tanjung Perak Terminal 8,IDSUB8,Surabaya,Asia,-7.205,112.732,Container Port,Operational,High,10800000,5400000,15640000,80,23,8,47,26,Low,Containers	General Cargo,Global Hub,Maintain normal operations and monitor weather conditions.,Generated monitoring dataset
IN,Jawaharlal Nehru Port Terminal 8,INNSA8,Mumbai,Asia,18.949,72.949,Container Port,Operational,High,10800000,5400000,15640000,80,30,13,50,31,Low,Containers	General Cargo,Global Hub,Maintain normal operations and monitor weather conditions.,Generated monitoring dataset
VN,Port of Hai Phong Terminal 8,VNHPH8,Hai Phong,Asia,20.864,106.683,Container Port,Operational,High,10800000,5400000,15640000,80,37,18,53,36,Medium,Containers	General Cargo,Global Hub,Maintain normal operations and monitor weather conditions.,Generated monitoring dataset
TH,Laem Chabang Port Terminal 8,THLCH8,Chonburi,Asia,13.082,100.883,Container Port,Operational,High,10800000,5400000,15640000,80,44,23,56,41,Medium,Containers	General Cargo,Global Hub,Maintain normal operations and monitor weather conditions.,Generated monitoring dataset
BR,Port of Santos Terminal 8,BRSSZ8,Santos,South America,-23.961,-46.328,Container Port,Operational,High,10800000,5400000,15640000,80,51,28,59,46,Medium,Containers	General Cargo,Global Hub,Maintain normal operations and monitor weather conditions.,Generated monitoring dataset
ZA,Port of Durban Terminal 8,ZADUR8,Durban,Africa,-29.871,31.026,Container Port,Operational,High,10800000,5400000,15640000,80,58,33,62,51,Medium,Containers	General Cargo,Global Hub,Maintain normal operations and monitor weather conditions.,Generated monitoring dataset
EG,Port Said Terminal 8,EGPSD8,Port Said,Africa,31.265,32.301,Container Port,Operational,High,10800000,5400000,15640000,80,65,38,65,56,Medium,Containers	General Cargo,Global Hub,Maintain normal operations and monitor weather conditions.,Generated monitoring dataset
ES,Port of Valencia Terminal 8,ESVLC8,Valencia,Europe,39.449,-0.316,Container Port,Operational,High,10800000,5400000,15640000,80,72,43,68,61,High,Containers	General Cargo,Global Hub,Maintain normal operations and monitor weather conditions.,Generated monitoring dataset
IT,Port of Genoa Terminal 8,ITGOA8,Genoa,Europe,44.404,8.923,Container Port,Operational,High,10800000,5400000,15640000,80,79,48,71,66,High,Containers	General Cargo,Global Hub,Maintain normal operations and monitor weather conditions.,Generated monitoring dataset
FR,Port of Marseille Terminal 8,FRMRS8,Marseille,Europe,43.296,5.369,Container Port,Operational,High,10800000,5400000,15640000,80,15,53,74,47,Medium,Containers	General Cargo,Global Hub,Maintain normal operations and monitor weather conditions.,Generated monitoring dataset
GB,Port of Felixstowe Terminal 8,GBFXT8,Felixstowe,Europe,51.954,1.351,Container Port,Operational,High,10800000,5400000,15640000,80,22,58,13,31,Low,Containers	General Cargo,Global Hub,Maintain normal operations and monitor weather conditions.,Generated monitoring dataset
CA,Port of Vancouver Terminal 8,CAVAN8,Vancouver,North America,49.296,-123.104,Container Port,Operational,High,10800000,5400000,15640000,80,29,63,16,36,Medium,Containers	General Cargo,Global Hub,Maintain normal operations and monitor weather conditions.,Generated monitoring dataset
MX,Port of Manzanillo Terminal 8,MXZLO8,Manzanillo,North America,19.052,-104.315,Container Port,Operational,High,10800000,5400000,15640000,80,36,68,19,41,Medium,Containers	General Cargo,Global Hub,Maintain normal operations and monitor weather conditions.,Generated monitoring dataset
AU,Port of Melbourne Terminal 8,AUMEL8,Melbourne,Oceania,-37.814,144.963,Container Port,Operational,High,10800000,5400000,15640000,80,43,7,22,24,Low,Containers	General Cargo,Global Hub,Maintain normal operations and monitor weather conditions.,Generated monitoring dataset
NZ,Port of Auckland Terminal 8,NZAKL8,Auckland,Oceania,-36.841,174.765,Container Port,Operational,High,10800000,5400000,15640000,80,50,12,25,29,Low,Containers	General Cargo,Global Hub,Maintain normal operations and monitor weather conditions.,Generated monitoring dataset
SG,Port of Singapore Terminal 9,SGSIN9,Singapore,Asia,1.264,103.84,Container Port,Operational,High,10900000,5450000,15720000,80,57,17,28,34,Low,Containers	General Cargo,Global Hub,Maintain normal operations and monitor weather conditions.,Generated monitoring dataset
CN,Port of Shanghai Terminal 9,CNSHA9,Shanghai,Asia,31.23,121.491,Container Port,Operational,High,10900000,5450000,15720000,80,64,22,31,39,Medium,Containers	General Cargo,Global Hub,Maintain normal operations and monitor weather conditions.,Generated monitoring dataset
CN,Port of Ningbo-Zhoushan Terminal 9,CNNGB9,Ningbo,Asia,29.868,121.544,Container Port,Operational,High,10900000,5450000,15720000,80,71,27,34,44,Medium,Containers	General Cargo,Global Hub,Maintain normal operations and monitor weather conditions.,Generated monitoring dataset
NL,Port of Rotterdam Terminal 9,NLRTM9,Rotterdam,Europe,51.948,4.142,Container Port,Operational,High,10900000,5450000,15720000,80,78,32,37,49,Medium,Containers	General Cargo,Global Hub,Maintain normal operations and monitor weather conditions.,Generated monitoring dataset
BE,Port of Antwerp Terminal 9,BEANR9,Antwerp,Europe,51.263,4.4,Container Port,Operational,High,10900000,5450000,15720000,80,14,37,40,30,Low,Containers	General Cargo,Global Hub,Maintain normal operations and monitor weather conditions.,Generated monitoring dataset
DE,Port of Hamburg Terminal 9,DEHAM9,Hamburg,Europe,53.546,9.966,Container Port,Operational,High,10900000,5450000,15720000,80,21,42,43,35,Medium,Containers	General Cargo,Global Hub,Maintain normal operations and monitor weather conditions.,Generated monitoring dataset
US,Port of Los Angeles Terminal 9,USLAX9,Los Angeles,North America,33.736,-118.263,Container Port,Operational,High,10900000,5450000,15720000,80,28,47,46,40,Medium,Containers	General Cargo,Global Hub,Maintain normal operations and monitor weather conditions.,Generated monitoring dataset
US,Port of Long Beach Terminal 9,USLGB9,Long Beach,North America,33.754,-118.216,Container Port,Operational,High,10900000,5450000,15720000,80,35,52,49,45,Medium,Containers	General Cargo,Global Hub,Maintain normal operations and monitor weather conditions.,Generated monitoring dataset
AE,Jebel Ali Port Terminal 9,AEJEA9,Dubai,Middle East,25.011,55.062,Container Port,Operational,High,10900000,5450000,15720000,80,42,57,52,50,Medium,Containers	General Cargo,Global Hub,Maintain normal operations and monitor weather conditions.,Generated monitoring dataset
KR,Port of Busan Terminal 9,KRPUS9,Busan,Asia,35.102,129.04,Container Port,Operational,High,10900000,5450000,15720000,80,49,62,55,55,Medium,Containers	General Cargo,Global Hub,Maintain normal operations and monitor weather conditions.,Generated monitoring dataset
JP,Port of Yokohama Terminal 9,JPYOK9,Yokohama,Asia,35.443,139.638,Container Port,Operational,High,10900000,5450000,15720000,80,56,67,58,60,High,Containers	General Cargo,Global Hub,Maintain normal operations and monitor weather conditions.,Generated monitoring dataset
MY,Port Klang Terminal 9,MYPKG9,Klang,Asia,3.001,101.399,Container Port,Operational,High,10900000,5450000,15720000,80,63,6,61,43,Medium,Containers	General Cargo,Global Hub,Maintain normal operations and monitor weather conditions.,Generated monitoring dataset
MY,Port of Tanjung Pelepas Terminal 9,MYTPP9,Johor,Asia,1.363,103.548,Container Port,Operational,High,10900000,5450000,15720000,80,70,11,64,48,Medium,Containers	General Cargo,Global Hub,Maintain normal operations and monitor weather conditions.,Generated monitoring dataset
ID,Port of Tanjung Priok Terminal 9,IDTPP9,Jakarta,Asia,-6.104,106.886,Container Port,Operational,High,10900000,5450000,15720000,80,77,16,67,53,Medium,Containers	General Cargo,Global Hub,Maintain normal operations and monitor weather conditions.,Generated monitoring dataset
ID,Port of Belawan Terminal 9,IDBLW9,Medan,Asia,3.784,98.694,Container Port,Operational,High,10900000,5450000,15720000,80,13,21,70,35,Medium,Containers	General Cargo,Global Hub,Maintain normal operations and monitor weather conditions.,Generated monitoring dataset
ID,Port of Tanjung Perak Terminal 9,IDSUB9,Surabaya,Asia,-7.205,112.732,Container Port,Operational,High,10900000,5450000,15720000,80,20,26,73,40,Medium,Containers	General Cargo,Global Hub,Maintain normal operations and monitor weather conditions.,Generated monitoring dataset
IN,Jawaharlal Nehru Port Terminal 9,INNSA9,Mumbai,Asia,18.949,72.949,Container Port,Operational,High,10900000,5450000,15720000,80,27,31,12,23,Low,Containers	General Cargo,Global Hub,Maintain normal operations and monitor weather conditions.,Generated monitoring dataset
VN,Port of Hai Phong Terminal 9,VNHPH9,Hai Phong,Asia,20.864,106.683,Container Port,Operational,High,10900000,5450000,15720000,80,34,36,15,28,Low,Containers	General Cargo,Global Hub,Maintain normal operations and monitor weather conditions.,Generated monitoring dataset
TH,Laem Chabang Port Terminal 9,THLCH9,Chonburi,Asia,13.082,100.883,Container Port,Operational,High,10900000,5450000,15720000,80,41,41,18,33,Low,Containers	General Cargo,Global Hub,Maintain normal operations and monitor weather conditions.,Generated monitoring dataset
BR,Port of Santos Terminal 9,BRSSZ9,Santos,South America,-23.961,-46.328,Container Port,Operational,High,10900000,5450000,15720000,80,48,46,21,38,Medium,Containers	General Cargo,Global Hub,Maintain normal operations and monitor weather conditions.,Generated monitoring dataset
ZA,Port of Durban Terminal 9,ZADUR9,Durban,Africa,-29.871,31.026,Container Port,Operational,High,10900000,5450000,15720000,80,55,51,24,43,Medium,Containers	General Cargo,Global Hub,Maintain normal operations and monitor weather conditions.,Generated monitoring dataset
EG,Port Said Terminal 9,EGPSD9,Port Said,Africa,31.265,32.301,Container Port,Operational,High,10900000,5450000,15720000,80,62,56,27,48,Medium,Containers	General Cargo,Global Hub,Maintain normal operations and monitor weather conditions.,Generated monitoring dataset
ES,Port of Valencia Terminal 9,ESVLC9,Valencia,Europe,39.449,-0.316,Container Port,Operational,High,10900000,5450000,15720000,80,69,61,30,53,Medium,Containers	General Cargo,Global Hub,Maintain normal operations and monitor weather conditions.,Generated monitoring dataset
IT,Port of Genoa Terminal 9,ITGOA9,Genoa,Europe,44.404,8.923,Container Port,Operational,High,10900000,5450000,15720000,80,76,66,33,58,Medium,Containers	General Cargo,Global Hub,Maintain normal operations and monitor weather conditions.,Generated monitoring dataset
FR,Port of Marseille Terminal 9,FRMRS9,Marseille,Europe,43.296,5.369,Container Port,Operational,High,10900000,5450000,15720000,80,12,5,36,18,Low,Containers	General Cargo,Global Hub,Maintain normal operations and monitor weather conditions.,Generated monitoring dataset
GB,Port of Felixstowe Terminal 9,GBFXT9,Felixstowe,Europe,51.954,1.351,Container Port,Operational,High,10900000,5450000,15720000,80,19,10,39,23,Low,Containers	General Cargo,Global Hub,Maintain normal operations and monitor weather conditions.,Generated monitoring dataset
CA,Port of Vancouver Terminal 9,CAVAN9,Vancouver,North America,49.296,-123.104,Container Port,Operational,High,10900000,5450000,15720000,80,26,15,42,28,Low,Containers	General Cargo,Global Hub,Maintain normal operations and monitor weather conditions.,Generated monitoring dataset
MX,Port of Manzanillo Terminal 9,MXZLO9,Manzanillo,North America,19.052,-104.315,Container Port,Operational,High,10900000,5450000,15720000,80,33,20,45,33,Low,Containers	General Cargo,Global Hub,Maintain normal operations and monitor weather conditions.,Generated monitoring dataset
AU,Port of Melbourne Terminal 9,AUMEL9,Melbourne,Oceania,-37.814,144.963,Container Port,Operational,High,10900000,5450000,15720000,80,40,25,48,38,Medium,Containers	General Cargo,Global Hub,Maintain normal operations and monitor weather conditions.,Generated monitoring dataset
NZ,Port of Auckland Terminal 9,NZAKL9,Auckland,Oceania,-36.841,174.765,Container Port,Operational,High,10900000,5450000,15720000,80,47,30,51,43,Medium,Containers	General Cargo,Global Hub,Maintain normal operations and monitor weather conditions.,Generated monitoring dataset
SG,Port of Singapore Terminal 10,SGSIN10,Singapore,Asia,1.264,103.84,Container Port,Operational,High,11000000,5500000,15800000,80,54,35,54,48,Medium,Containers	General Cargo,Global Hub,Maintain normal operations and monitor weather conditions.,Generated monitoring dataset
CN,Port of Shanghai Terminal 10,CNSHA10,Shanghai,Asia,31.23,121.491,Container Port,Operational,High,11000000,5500000,15800000,80,61,40,57,53,Medium,Containers	General Cargo,Global Hub,Maintain normal operations and monitor weather conditions.,Generated monitoring dataset
CN,Port of Ningbo-Zhoushan Terminal 10,CNNGB10,Ningbo,Asia,29.868,121.544,Container Port,Operational,High,11000000,5500000,15800000,80,68,45,60,58,Medium,Containers	General Cargo,Global Hub,Maintain normal operations and monitor weather conditions.,Generated monitoring dataset
NL,Port of Rotterdam Terminal 10,NLRTM10,Rotterdam,Europe,51.948,4.142,Container Port,Operational,High,11000000,5500000,15800000,80,75,50,63,63,High,Containers	General Cargo,Global Hub,Maintain normal operations and monitor weather conditions.,Generated monitoring dataset
BE,Port of Antwerp Terminal 10,BEANR10,Antwerp,Europe,51.263,4.4,Container Port,Operational,High,11000000,5500000,15800000,80,11,55,66,44,Medium,Containers	General Cargo,Global Hub,Maintain normal operations and monitor weather conditions.,Generated monitoring dataset
DE,Port of Hamburg Terminal 10,DEHAM10,Hamburg,Europe,53.546,9.966,Container Port,Operational,High,11000000,5500000,15800000,80,18,60,69,49,Medium,Containers	General Cargo,Global Hub,Maintain normal operations and monitor weather conditions.,Generated monitoring dataset
US,Port of Los Angeles Terminal 10,USLAX10,Los Angeles,North America,33.736,-118.263,Container Port,Operational,High,11000000,5500000,15800000,80,25,65,72,54,Medium,Containers	General Cargo,Global Hub,Maintain normal operations and monitor weather conditions.,Generated monitoring dataset
US,Port of Long Beach Terminal 10,USLGB10,Long Beach,North America,33.754,-118.216,Container Port,Operational,High,11000000,5500000,15800000,80,32,70,75,59,Medium,Containers	General Cargo,Global Hub,Maintain normal operations and monitor weather conditions.,Generated monitoring dataset
AE,Jebel Ali Port Terminal 10,AEJEA10,Dubai,Middle East,25.011,55.062,Container Port,Operational,High,11000000,5500000,15800000,80,39,9,14,21,Low,Containers	General Cargo,Global Hub,Maintain normal operations and monitor weather conditions.,Generated monitoring dataset
KR,Port of Busan Terminal 10,KRPUS10,Busan,Asia,35.102,129.04,Container Port,Operational,High,11000000,5500000,15800000,80,46,14,17,26,Low,Containers	General Cargo,Global Hub,Maintain normal operations and monitor weather conditions.,Generated monitoring dataset
JP,Port of Yokohama Terminal 10,JPYOK10,Yokohama,Asia,35.443,139.638,Container Port,Operational,High,11000000,5500000,15800000,80,53,19,20,31,Low,Containers	General Cargo,Global Hub,Maintain normal operations and monitor weather conditions.,Generated monitoring dataset
MY,Port Klang Terminal 10,MYPKG10,Klang,Asia,3.001,101.399,Container Port,Operational,High,11000000,5500000,15800000,80,60,24,23,36,Medium,Containers	General Cargo,Global Hub,Maintain normal operations and monitor weather conditions.,Generated monitoring dataset
MY,Port of Tanjung Pelepas Terminal 10,MYTPP10,Johor,Asia,1.363,103.548,Container Port,Operational,High,11000000,5500000,15800000,80,67,29,26,41,Medium,Containers	General Cargo,Global Hub,Maintain normal operations and monitor weather conditions.,Generated monitoring dataset
ID,Port of Tanjung Priok Terminal 10,IDTPP10,Jakarta,Asia,-6.104,106.886,Container Port,Operational,High,11000000,5500000,15800000,80,74,34,29,46,Medium,Containers	General Cargo,Global Hub,Maintain normal operations and monitor weather conditions.,Generated monitoring dataset
ID,Port of Belawan Terminal 10,IDBLW10,Medan,Asia,3.784,98.694,Container Port,Operational,High,11000000,5500000,15800000,80,10,39,32,27,Low,Containers	General Cargo,Global Hub,Maintain normal operations and monitor weather conditions.,Generated monitoring dataset
ID,Port of Tanjung Perak Terminal 10,IDSUB10,Surabaya,Asia,-7.205,112.732,Container Port,Operational,High,11000000,5500000,15800000,80,17,44,35,32,Low,Containers	General Cargo,Global Hub,Maintain normal operations and monitor weather conditions.,Generated monitoring dataset
IN,Jawaharlal Nehru Port Terminal 10,INNSA10,Mumbai,Asia,18.949,72.949,Container Port,Operational,High,11000000,5500000,15800000,80,24,49,38,37,Medium,Containers	General Cargo,Global Hub,Maintain normal operations and monitor weather conditions.,Generated monitoring dataset
VN,Port of Hai Phong Terminal 10,VNHPH10,Hai Phong,Asia,20.864,106.683,Container Port,Operational,High,11000000,5500000,15800000,80,31,54,41,42,Medium,Containers	General Cargo,Global Hub,Maintain normal operations and monitor weather conditions.,Generated monitoring dataset
TH,Laem Chabang Port Terminal 10,THLCH10,Chonburi,Asia,13.082,100.883,Container Port,Operational,High,11000000,5500000,15800000,80,38,59,44,47,Medium,Containers	General Cargo,Global Hub,Maintain normal operations and monitor weather conditions.,Generated monitoring dataset
BR,Port of Santos Terminal 10,BRSSZ10,Santos,South America,-23.961,-46.328,Container Port,Operational,High,11000000,5500000,15800000,80,45,64,47,52,Medium,Containers	General Cargo,Global Hub,Maintain normal operations and monitor weather conditions.,Generated monitoring dataset
ZA,Port of Durban Terminal 10,ZADUR10,Durban,Africa,-29.871,31.026,Container Port,Operational,High,11000000,5500000,15800000,80,52,69,50,57,Medium,Containers	General Cargo,Global Hub,Maintain normal operations and monitor weather conditions.,Generated monitoring dataset
EG,Port Said Terminal 10,EGPSD10,Port Said,Africa,31.265,32.301,Container Port,Operational,High,11000000,5500000,15800000,80,59,8,53,40,Medium,Containers	General Cargo,Global Hub,Maintain normal operations and monitor weather conditions.,Generated monitoring dataset
ES,Port of Valencia Terminal 10,ESVLC10,Valencia,Europe,39.449,-0.316,Container Port,Operational,High,11000000,5500000,15800000,80,66,13,56,45,Medium,Containers	General Cargo,Global Hub,Maintain normal operations and monitor weather conditions.,Generated monitoring dataset
IT,Port of Genoa Terminal 10,ITGOA10,Genoa,Europe,44.404,8.923,Container Port,Operational,High,11000000,5500000,15800000,80,73,18,59,50,Medium,Containers	General Cargo,Global Hub,Maintain normal operations and monitor weather conditions.,Generated monitoring dataset
FR,Port of Marseille Terminal 10,FRMRS10,Marseille,Europe,43.296,5.369,Container Port,Operational,High,11000000,5500000,15800000,80,80,23,62,55,Medium,Containers	General Cargo,Global Hub,Maintain normal operations and monitor weather conditions.,Generated monitoring dataset
GB,Port of Felixstowe Terminal 10,GBFXT10,Felixstowe,Europe,51.954,1.351,Container Port,Operational,High,11000000,5500000,15800000,80,16,28,65,36,Medium,Containers	General Cargo,Global Hub,Maintain normal operations and monitor weather conditions.,Generated monitoring dataset
CA,Port of Vancouver Terminal 10,CAVAN10,Vancouver,North America,49.296,-123.104,Container Port,Operational,High,11000000,5500000,15800000,80,23,33,68,41,Medium,Containers	General Cargo,Global Hub,Maintain normal operations and monitor weather conditions.,Generated monitoring dataset
MX,Port of Manzanillo Terminal 10,MXZLO10,Manzanillo,North America,19.052,-104.315,Container Port,Operational,High,11000000,5500000,15800000,80,30,38,71,46,Medium,Containers	General Cargo,Global Hub,Maintain normal operations and monitor weather conditions.,Generated monitoring dataset
AU,Port of Melbourne Terminal 10,AUMEL10,Melbourne,Oceania,-37.814,144.963,Container Port,Operational,High,11000000,5500000,15800000,80,37,43,74,51,Medium,Containers	General Cargo,Global Hub,Maintain normal operations and monitor weather conditions.,Generated monitoring dataset
NZ,Port of Auckland Terminal 10,NZAKL10,Auckland,Oceania,-36.841,174.765,Container Port,Operational,High,11000000,5500000,15800000,80,44,48,13,35,Medium,Containers	General Cargo,Global Hub,Maintain normal operations and monitor weather conditions.,Generated monitoring dataset
